movie,review,rating,sentiment
VACATION FRIENDS,"Þetta hefði getað verið mjög týpísk og gleymanleg mynd en höfundarnir og leikararnir björguðu henni og gerðu hana eftirminnilega og góða. Myndin er ekkert meistaraverk en samt mjög skemmtileg, fyndin og vanmetin mynd. Kannski aðeins of löng samt.",7,Positive
HORRIBLE BOSSES 2,Næstum því jafn góð og fyrsta því að myndin hefur upprunalega og sterka sögu. Sagan er samt ekki jafn góð og í fyrstu og höfundarnir voru að renna út á hugmyndum þegar líður á. Samt er tríóið ennþá frábært og myndin er mjög skemmtileg og fyndin.,7,Positive
HORRIBLE BOSSES,Aðaltríóið er frábært og er samband þeirra það besta við myndina. Myndin tekst líka að vera mjög fyndin og skemmtileg. Eitt af bestu gamanmyndum aldarinnar hingað til sem hefur ekki fengið nógu mikla athygli. Hugmyndin er líka mjög góð og sniðug.,8,Positive
STRAYS,Mjög sniðug hugmynd sem að er framkvæmd mjög vel. Tæknibrellurnar eru til fyrirmyndar ásamt góðri leikstjórn og handriti. Leikarnir standa sig líka frábærlega. Án efa besta gamanmynd sem að hefur komið út í nokkur ár. Mjög skemmtileg og fyndin mynd.,8,Positive
"CRAZY, STUPID, LOVE",Senurnar sem að gerast á næturklúbbnum eru bestu senurnar. Dramasenurnar sem að koma seinna í myndinni eru ekkert sérstakar. En leikurinn og boðskapurinn í myndinni var mjög góður ásamt fínu handriti. Ekkert meistaraverk en samt fínasta mynd.,7,Positive
DUE DATE,"Aðeins of lík Planes, Trains and Automobiles en samt frekar góð en gleymanleg mynd. Leikurinn og sambandið hjá aðalkarakterunum var frábært og bætti myndina. Söguþráðurinn er ekkert sérstakur en myndin hefur alveg góð dramatísk og mjög fyndin augnablik.",7,Positive
WHITE MEN CAN'T JUMP (1992),"Hreint út sagt frábær költ klassík mynd sem að vill ekki flækja hlutina óþarflega. Myndin er mjög áhugaverð og skemmtileg og heldur myndin athygli manns allan tímann. Handritið, leikstjórnin og leikurinn eru alveg til fyrirmyndar.",8,Positive
INDIANA JONES AND THE DIAL OF DESTINY,Myndin byrjar mjög vel með hestaatriðinu og lestraratriðinu en myndin fer að dala þegar að fókusinn fer á Helenu. Ford gefur okkur eiginlega engin spennuatriði sem að er vonbrigði. Myndin er samt fín leið til að enda seríuna.,7,Positive
INDIANA JONES AND THE KINGDOM OF THE CRYSTAL SKULL,Gamall Ford getur ekki uppfyllt væntingar okkar til þessarar seríu. Sagan um geimverur var heimskuleg ásamt sögunni um soninn. Það voru samt nokkrar góðar senur. Myndin fær sex stjörnur fyrir ágætis afþreyingu.,6,Positive
INDIANA JONES AND THE LAST CRUSADE,Klárlega ein besta kvikmynd sögunnar. Ford og Connery voru auðvitað frábærir í myndinni ásamt öðrum karakterum. Allar spennusenurnar voru frábærar ásamt góðum söguþræði og síðasta atriðið er eitt besta atriði kvikmyndasögunnar.,10,Positive
INDIANA JONES AND THE TEMPLE OF DOOM,"Söguþráðurinn er of alltof dimmur og gengur of langt. Samt er mikið af góðum senum og sviðsmyndum. Myndin gaf okkur líka Short Round, einn besta karakterinn í seríunni og síðan líka Willie, einn versta karakterinn í seríunni.",7,Positive
INDIANA JONES AND THE RAIDERS OF THE LOST ARK,"Byrjunaratriðið og lokasenurnar eru eitt af bestu senum kvikmyndasögunnar en miðjuhlutinn er ekki jafn góður því að söguþráðurinn í myndinni er ekki nógu merkilegur. Samt auðvitað frábær leikur, leikstjórn og tónlist.",8,Positive
SPY,Ég hef séð milljón svipaðar myndir áður en þessi stendur upp úr því að hún er mjög skemmtileg. Þrátt fyrir nokkur hallærisleg augnablik þá nær myndin að vera mjög fyndin. Myndin er reyndar að fara á aðeins of marga áfangastaði sem að er frekar ruglandi.,8,Positive
BURN AFTER READING,Fullkomið dæmi um þegar að söguþráðurinn er mjög flókinn og góður á sama tíma. Leikstjórnin var sérstaklega góð í myndinni ásamt góðum frammistöðum hjá öllum leikurunum. Hugmyndin að myndinni er líka mjög góð en samt frekar ruglandi yfir höfuð.,7,Positive
THE FULL MONTY,Góð hugmynd að mynd en framkvæmdin er ekki alveg nógu góð því að lopinn er teygður aðeins of mikið. Myndin er samt alveg skemmtileg og nokkuð fyndin og standa leikararnir sér vel. Myndin er ekkert meistaraverk en samt bara fín og afþreyjandi mynd.,6,Positive
HEAVYWEIGHTS, Í fyrsta lagi skil ég ekki alveg hver markhópur myndarinnar er. Er hún fyrir feitt fólk sem að hefur aldrei áður hitt annað feitt fólk? Ben Stiller var með góða frammistöðu og myndin er líka frekar skemmtileg og fyndin en aðallega er hún skrýtin.,7,Positive
FATHER FIGURES,Vanmetin mynd sem að hefði bara átt að vera gamanmynd í stað þess að vera smá drama líka. Það er mikið í myndinni sem að var líka mjög ruglandi. Leikarnir og handritið var samt mjög gott. Endirinn var síðan frekar mikil vonbrigði en samt fallegur.,7,Positive
ACTION POINT,"Myndin hefði átti að taka sig meira alvarlega og ekki vera bara Jackass mynd. Fyrri hluti myndarinnar var góður en þegar fókusinn er alveg færður á dótturina missti ég áhugann. Myndin er samt fyndin, skemmtileg og áhugaverð en samt vantar eitthvað.",7,Positive
"CONFESS, FLETCH",Jon Hamm er enginn Chevy Chase en mér líkaði samt við myndina. Því að myndin var skemmtileg og fyndin. Það versta við myndina er hvernig allir aðrir karakter hata Fletch og hversu asnalegur hann er. Þetta hefði því ekki átt að vera Fletch mynd.,7,Positive
FLETCH LIVES,Það versta við myndina er ómerkilega og leiðinlega sagan. Að endursegja aðra bók hefði verið betra. Chevy er ennþá frábær en aðrir karakterar eru leiðinlegir. Myndin er vonbrigði út af gæðum fyrri myndarinnar. Myndin er samt fyndin og skemmtileg.,7,Positive
GROWN UPS 2,"Í stað þess að hafa sögu eru bara stuttir sketsar. Myndin er ógeðsleg, ófyndin og í alla staði hræðileg. Ég hló einu sinni. Allt sem að var gott við fyrri myndina er eyðilagt. Ætla aldrei aftur að horfa á hana. Eitt af af verstu myndum allra tíma.",3,Negative
GROWN UPS,Klárlega eitt af bestu og skemmtilegustu gamanmyndum mannkynssögunnar. Hugmyndin er sniðug og voru leikararnir líka frábærir. Myndin var reyndar aðeins of löng en góðu karakterarnir gera upp fyrir það. Klassísk mynd sem að fer yfir væntingarnar þínar.,8,Positive
MAD FAMILIES,Þessir góðu leikarar gátu því miður ekki bjargað ómerkilega efniviðinum sem að myndin hafði. Myndin er ágætis skemmtun en ég myndi samt aldrei horfa á hana aftur. Síðan er þetta líka mjög gleymanleg  mynd sem að hafði samt möguleika á að vera góð.,6,Positive
ANGER MANAGEMENT,Þrátt fyrir að aðaldúóið sé mjög fyndið þá er myndin sjálf ekkert mjög fyndin en samt mjög skemmtileg. Ástarsagan er líklega það besta við myndina en hún er mjög góð og frumleg. Það eru nokkur eftirminnileg atvik en samt frekar gleymanleg mynd.,7,Positive
EVEREST (2015),Þrátt fyrir myndin er vel gerð finnst mér samt eins og söguþráðurinn hefði getað verið betri.  Leikstjórnin og leikurinn eru samt til fyrirmyndar ásamt góðum brellum. Myndin er líka afþreyjandi og spennandi svo að handritið er það eina sem klikkar.,6,Positive
RIDE ALONG 2,Mér líkar við að er mikið meira að gerast í þessari mynd og síðan er fjögurra manna hópurinn frábær. En þrátt fyrir að söguþráðurinn er ágætur og að það eru nokkrar mjög fyndnar senur þá vantar eitthvað við myndina sem að gerir hana frekar ofmetna.,7,Positive
THE WEDDING RINGER,"Þrátt fyrir að virka sem mjög einföld mynd þá hafði ég gaman af henni. Vinahópurinn í myndinni er líka frábær, fyndinn og trúarlegur. Síðan er myndin fyllt með æðislegum atriðum. Ekki fullkomin mynd en mjög góð mynd. Vona að það komi framhald.",8,Positive
THE GREAT OUTDOORS,Því miður ekki jafn góð og í minningunni en samt góð. John og Dan eru frábærir leikarar og bjarga þeir myndinni. Hugmyndin er góð en ég held að hún hefði átt að vera stækkuð aðeins. Það er síðan líka mikið af fallegum augnablikum í myndinni.,7,Positive
RIDE ALONG,Það gerist rosalega lítið í þessari löngu mynd og eru einungis bútar af henni sem að eru góðir en það er aðallega endirinn. Myndin er samt frekar fyndin en samt ekkert mjög. Samband aðalleikarana er aftur á móti mjög gott en samt er þetta ofmetin mynd.,6,Positive
THE BLUES BROTHERS,"Myndin er aðeins of löng og söngatriðin eru ekkert sérstök, en leikurinn er samt frábær og er spennan og leikstjórnin í hæsta gæðaflokki. Einnig er myndin mjög fyndin, klassísk og frábær og hefur myndin besta bílaeltingarleik kvikmyndasögunnar.",8,Positive
AIRPLANE II - THE SEQUEL,Það kom mér á óvart að ég hafði gaman af myndinni því að sagan er alveg eins og í upprunalegu. Myndin er ekki jafn fyndin og fyrsta út af endurupplifununum en samt mjög fyndin mynd. Senurnar með William Shatner eru líka bestu senurnar.,7,Positive
POLICE ACADEMY - MISSION TO MOSCOW,Allt það sem að gerði kvikmyndaseríuna skemmtilega er tekið í burtu í þessari leiðinlegu og heimskulegu mynd. Það voru nokkur fyndin grín en þau eru sett upp mjög illa. Enginn karakter nýtur sín og er tilvera myndarinnar óþarfi.,3,Negative
POLICE ACADEMY 6 - CITY UNDER SIEGE,Mjög gleymanleg mynd en samt alveg ágæt. Fer ekki í flokk með bestu né verstu myndunum í seríunni. Harris og Proctor eru það besta við myndina og hefur myndin gott leikaraval og er nokkuð fyndin. Sagan var meira að segja ágæt.,6,Positive
POLICE ACADEMY 5 - ASSIGNMENT MIAMI BEACH,Myndin hefði verið betri ef að Mahoney væri í henni en samt er myndin yfir höfuð vond. Það eru nokkur fyndin grín en myndin er ein stór tímasóun. Skrýtið hversu margir ákveðu að leika í myndinni. Sagan er líka heimskuleg.,4,Negative
AIR,"Alls ekkert eitt af bestu myndum kvikmyndasögunnar en það er eitthvað mjög heillandi við tóninn. Þó að leikurinn, leikstjórnin og upptakan eru til fyrirmyndar þá gerist frekar lítið í myndinni og senurnar eru aðeins of langar. Samt sem áður er þetta góð mynd.",8,Positive
POLICE ACADEMY 4 - CITIZENS ON PATROL,Þrátt fyrir að sagan er svipuð og í þriðju myndinni þá er þessi mynd mikið betri útgáfa af henni. Karakteravalið er upp á sitt besta hérna og er þetta bara mjög fyndin og skemmtileg mynd. Titillag myndarinnar er líka frábært.,8,Positive
POLICE ACADEMY 3 - BACK IN TRAINING,Alls ekkert vond mynd en bara frekar gleymanleg. Sagan er mjög sniðug en myndin er ekkert mjög fyndin þrátt fyrir að hún hefur sín augnablik eins og ballsenurnar. Leikaravalið er líka gott en Mauser eyðileggur myndina aðeins.,6,Positive
POLICE ACADEMY 2 - THEIR FIRST ASSIGNMENT,Vandamálið við myndina er að hún er alltof ólík fyrstu myndinni og er sagan og nýju leikararnir ekki alveg að virka. Myndin er samt fyndnari en fyrsta og hefur mikið af eftirminnilegum senum. Samt er fyrsta aðeins betri.,7,Positive
GAME NIGHT,"Mynd sem að er mjög skemmtileg á meðan þú horfir á hana, en hún verður síðan gleymanleg. Þau hefðu getað stækkað hugmyndina eitthvað aðeins meira finnst mér. En þetta er samt mjög skemmtileg og fyndin mynd engu að síður og eru karakterarnir frábærir.",8,Positive
POLICE ACADEMY,Kannski ekki ein fyndnasta mynd í heimi en samt skemmtileg mynd sem að ég ólst upp við. Sagan er ekkert sérstök en karakterarnir í myndinni eru mjög skemmtilega fjölbreittir. Það eru samt alveg nokkur mjög fyndin grín sem að gera myndina klassíska.,7,Positive
JERRY MAGUIRE,Fyrri hluti myndarinnar er ekkert mjög sérstakur og er frekar ofmetinn og ruglandi yfir höfuð. En aftur á móti er seinni hluti myndarinnar mjög góður. Ástarsaga myndarinnar er sniðug og er leikurinn og leikstjórnin í myndinni einnig til fyrirmyndar.,8,Positive
YOU PEOPLE,"Þó að það sé verið að taka fyrir málefni sem að eru ekki hentug fyrir gamanmynd þá er myndin fyndin. Akbar og Shelley eru mjög pirrandi og skemma myndina smá, en það gerir myndina líka aðeins fyndnari. Myndin er samt aðeins of löng en samt skemmtileg.",7,Positive
UNE ANNÉE POLAIRE,Söguþráðurinn er kannski ekkert beint mjög sérstakur en myndin er samt nokkuð góð og öðruvísi. Leikurinn er líka alveg fínn og er upptakan til fyrirmyndar. Alls ekkert frábær mynd en fín mynd fyrir hvað hún er. Sögusviðið er líka mjög áhugavert.,7,Positive
PERLUR OG SVÍN,Myndin er nógu afþreygjandi og fyndin til þess að vera talin skemmtileg þó að hún sé ekkert sérstök. Það besta við myndina eru karakterarnir og það hefði átt að gera þætti um þessa karaktera. Þó að söguþráðurinn er skrýtinn þá er myndin bara fín.,7,Positive
AIRPLANE!,Klárlega ein besta og sniðugasta gamanmynd mannkynssögunnar. Í gamanmyndum er leikurinn oftast ekkert mjög sérstakur en hérna er hann framúrskarandi. Þetta er líka mjög vönduð og fyndin mynd sem að svarar þörfum áhorfenda. Nánast fullkomin kvikmynd.,9,Positive
VOLAÐA LAND,Þessi mynd er mjög ruglingsleg og skrýtin. Myndin byrjar ágætlega en síðan dettur allt samhengi í sundur og ég skildi eiginlega ekki neitt sem að gerðist í seinni hlutanum. Myndin er samt vönduð og er leikurinn einnig góður en myndin er of listræn.,5,Negative
WALK THE LINE,"Ég vissi ekki hver Johnny Cash var áður en ég sá myndina en eftir að ég sá hana er ég  aðdáandi hans. Eiginlega allt í myndinni er gert mjög vel en leikurinn, handritið, leikstjórnin og leikmyndin er upp á tíu. Með betri ævisögumyndum alllra tíma.",8,Positive
NAPÓLEONSSKJÖLIN,Það besta við myndina er hversu vönduð myndin er framleidd og leikstýrð. Það er samt óþarfi að myndin sé 90% á ensku og síðan vantar samhengi í ákveðnar senur. Leikurinn er samt til fyrirmyndar og er fyrri hluti myndarinnar sérstaklega góður.,7,Positive
A MILLION WAYS TO DIE IN THE WEST,Myndin hefur allavega skemmtilega leikara en söguþráðurinn er samt ekki neitt neitt. Þetta er samt alveg mjög fyndin og skemmtileg mynd. En þegar á botninn er hvolft er þetta líka gleymanleg mynd sem að er ekkert meistaraverk.,7,Positive
THREE AMIGOS,Það sem að virkar best við myndina er frammistaðan og samskiptin hjá aðal tríóinu. Tónlistin í myndinni er líka ein sú besta í kvikmyndasögunni. Það vantaði einhver grín en það var samt fullt af frábærum grínum. Fyrri hluti myndarinnar er samt betri.,8,Positive
TRIANGLE OF SADNESS,Mjög áhugaverð og skemmtileg mynd sem að er samt ekki fullkominn. Hugmyndin er góð en lokaútgáfan hefði getað verið aðeins betri. Leikurinn er samt mjög góður og er handritið og leikstjórn til fyrirmyndar. Karakternir eru líka skemmtilegir.,8,Positive
RUSH HOUR 3,Myndin er betri en önnur myndin því að þessi er aðeins skýrari og eftirminnilegri. Heildarhugmyndin er samt ekkert ný og eru grínin ekkert mjög fersk. Myndin er samt skemmtileg og aðaldóið er enþá frábært. En reyndar byrjar myndin frekar leiðinlega.,7,Positive
DEATH AT A FUNERAL (2010),Þó að myndin eldist ekki mjög vel er hún samt nógu skemmtileg. Söguþráðurinn er frekar heimskulegur en það er mikið af frábærum leikurum í myndinni sem að gera upp fyrir það. Grínin í myndinni voru mjög fyndin en það vantaði fleiri grín.,7,Positive
RUSH HOUR 2,"Ég vildi að öll myndin hefði gerst í Hong Kong í staðinn fyrir að fara aftur til Los Angeles. Myndin er líka ekki jafn eftirminnileg né fersk og fyrsta. Aðaldóið er samt enþá gott og er er myndin góð skemmtun og eru grínin, sagan og spennan frábær.",6,Positive
CADDYSHACK II,Þessi mynd lætur mann bara bera meiri virðingu fyrir fyrstu myndinni. Aðalkarakterinn var óþolandi og hefði Ty Webb átt að fá það hlutverk. Handritið er mjög heimskulegt og myndin er bara mjög leiðinleg. Það eru svona þrjú fyndin grín í myndinni.,3,Negative
RUSH HOUR,Aðaldúóið er bara yfir höfuð skemmtilegt en seinni hluti myndarinnar var samt betri en fyrri hlutinn. Myndin er kannski smá ofmetin vegna löngu spennusenana og það eru til betri grínspennumyndir. Samt er ég aðdáandi af myndinni og er myndin skemmtileg.,7,Positive
CHEAPER BY THE DOZEN (2022),"Ég átti ekki von á því, en mér fannst þessi mynd vera góð. Zach Braff er góður í sínu hlutverki ásamt öðrum leikurum og er myndin bara mjög skemmtilegt. Ég held samt að þetta hefðu frekar átt að vera sjónvarpsþættir heldur en kvikmynd.",7,Positive
CROCODILE DUNDEE IN LOS ANGELES,Efniviðurinn sem að var valinn var agalegur og virkaði alls ekki. Paul Hogan er samt ennþá góður og eru bestu senurnar í myndinni þegar hann er með Jacko eða Mikey. Það eru svona fjögur fyndin grín og handritið er mjög lélegt.,4,Negative
HUSTLE,"Aðalvandamálið við myndina er að hún er bara of leiðinleg yfir höfuð. Aðaldúóið virkaði ágætlega og var dúóið það besta við myndina. En söguþráðurinn er ekki neitt neitt og myndin er líka frekar ruglingsleg. Myndin er líka of löng, en leikurinn var ágætur.",5,Negative
22 JUMP STREET,"Myndin byrjar mjög vel því að framhaldsskólahugmyndin er mjög góð og sniðug. En myndin dalar þegar að þetta fjallar um amerískan fótbolta og vinslit dúósins. Endirinn var samt mjög góður og er myndin alveg fyndin og skemmtileg, þökk sé Ice Cube.",6,Positive
21 JUMP STREET,"Þessi mynd er kannski ekki eitthvað nýtt en aðal dúóið virkar mjög mjög vel. Myndin er aðeins of löng samt og skringilega sett saman en hún er samt mjög skemmtileg og fyndin, þrátt fyrir ofnotaða hugmynd. Ekki besta mynd í heimi, en samt góð mynd.",7,Positive
MALEFICENT,"Til þess að gera góð mynd þarftu að hafa skemmtilega karaktera sem að eru ekki pirrandi, sem að þessi mynd hefur ekki. Ég er ekki beint markhópurinn á  myndina en þessi mynd er bara mjög leiðinleg. Myndin er samt vel gerð og sumir leikarnir voru fínir.",4,Negative
AFTERSUN,Þrátt fyrir að myndin er frekar óskýr og löng er þessi mynd samt mjög skemmtileg. Leikurinn er líka sérstaklega góður og eru allir leikarnir frábærir. Myndin er samt nokkuð endurtekin og hefði mátt færast meira til. Samt mjög góð grunnsaga og handrit.,8,Positive
BEVERLY HILLS COP III,Betri en önnur myndin því að þessi var mynd var eiginlega bara Die Hard í skemmtigarði sem að er gaman. Það er mikið af flottum áhættuatriðum og mikið af góðum húmor. Myndin hefði getað verið gerð nokkrum árum fyrr þegar Eddie var ferskari.,7,Positive
VILLIBRÁÐ,"Það besta við myndina er að hún er mjög skemmtileg og sniðug, þrátt fyrir að vera endurgerð. Myndin er mjög fyndin en ég held að hún hefði getað verið örlítið meira fyndnari. Leikurinn er líka frábær en myndin dalar aðeins þegar hún verður of dramatísk.",8,Positive
DISASTER MOVIE,"Ég hata að segja það en þessi mynd er ekki alslæm eins og allir segja. Þetta er alveg mjög heimskuleg og ófyndin mynd en ég hló nokkrum sinnum og mér leiddist ekki mikið og leikurinn er líka fínn. En handritið, hugmyndin og allt annað er hræðilegt.",4,Negative
TAG,"Mér er sama hvað fólk segir en þessi mynd er frábær. Leikarnir eru það besta við myndina, sem að gera þessa mynd fyndnari og skemmtilegri. Myndin byrjar hægt en hugmyndin er samt mjög góð. Myndin er með betri gamanmyndum allra tíma. Vona að það komi framhald.",9,Positive
LEYNILÖGGA,"Mjög skemmtileg og afþreyandi mynd sem að hefur mjög góð grín, en ekki nógu mörg. Spennusenurnar eru samt mjög góðar og handritið yfir höfuð líka. Leikurinn, leikstjórnin og klippingin eru líka til fyrirmyndar. Án efa ein besta íslenska kvikmyndin.",8,Positive
THE MATRIX,Ein mín umdeildasta skoðun er sú að þessi mynd er ofmetin. Ég ber virðingu fyrir fólki sem að finnst hún vera góð en mér finnst hún vera of leiðinleg eiginlega og ekkert sérstök. Handritið er heldur ekki það gott en það eru góðar spennusenur í endann.,5,Negative
DADDY'S HOME 2,Söguþráðurinn er mjög sniðugur og leikarnir eru frábærir. Ég hló líka mjög mikið yfir henni og myndin mjög góð skemmtun. Það hefði verið betra að láta hana bara gerast í bústaðnum samt og myndin dalar aðeins þegar að allir verða pirraðir í lokin.,8,Positive
DADDY'S HOME,Það versta við myndina er að Brad er eini viðkunnarlegi karakterinn en allar hinar persónurnar eru hræðilegar manneskjur. Myndin er samt mjög fyndin en samt frekar endurtekin. Söguþráðurinn er samt frekar leiðinlegur en myndin er mjög skemmtileg.,7,Positive
SANTA WHO?,Nielsen er frábær í sínu hlutverki og er myndin mjög góð skemmtun og fyndin yfir höfuð. Söguþráðurinn er samt frekar götóttur og leiðinlegur þó að hugmyndin sé góð. Sögusviðið var samt ekki nógu áhugavert og mér leið eins og myndin væri mikið lengri.,7,Positive
ERNEST SAVES CHRISTMAS,Ofmetin mynd sem að fjallar alltof lítið um Ernest og fer flestur fókusinn á þennan leiðinlega Joe og jólasveininn. Stelpan var mjög pirrandi og auk þess er sagan frekar leiðinleg. Jim Varney var frábær og myndin er allt í lagi skemmtun.,5,Negative
ELF,"Kannski ögn ofmetin mynd sem að er samt alveg hægt að hlægja af. Ég held að myndin hefði samt verið betri ef að hún hefði verið hugsuð fyrir eldri aldurshópa. Það var aðeins of mikið af hallærislegum og barnalegum augnablikum en fyrir utan það, fín mynd.",6,Positive
NATIONAL LAMPOON'S CHRISTMAS VACATION 2,"Myndin byrjar ágætlega en þegar þau koma á eyjuna verður hún hræðileg og myndin hefði átt að gerast á heimilinu. Ég hló nokkrum sinnum en myndin er ójólaleg, leiðinleg og heimskuleg. Serían virkar ekki án Chevy og Beverly.",3,Negative
HOME SWEET HOME ALONE,"Myndin hefur mest óþolandi krakkann í allri seríunni og það er óþolandi hvernig þau eru of mikið í takt við tímann. Þjófarnir voru bestu persónurnar, og því var leiðinlegt að sjá þau meiðast. Maður hlær líka mjög sjaldan yfir myndinni.",5,Negative
HOME ALONE - THE HOLIDAY HEIST,Mjög vanmetin mynd þó að gildrurnar voru vondar. Mér leið ekki eins og ég væri að horfa á Home Alone mynd og það hefði verið betra ef þetta yrði sín eigin mynd. Krakkinn var frekar óþolandi en Eddie Steeples bjargaði myndinni.,7,Positive
HOME ALONE 4,Ekki jafn vond og allir segja en samt vond því að flest atriðin voru mjög hallærisleg og gildrurnar voru ömurlegar. Leikurinn hjá börnunum og þjófunum var hræðilegur en hjá öðrum mjög góður. Skrýtið hvað þau fengu mikið fjármagn til að gera myndina.,5,Negative
HOME ALONE 3,"Verri en í minningunni því að allir karakterarnir eru mjög leiðinlegir fyrir utan Alex, hann er ágætur. Fyrri hlutinn er mjög leiðinlegur en seinni hlutinn er betri, gildrurnar eru fínar. Myndin er líka of barnaleg og hún hefði átt að vera jólamynd.",5,Negative
DECK THE HALLS,Frekar mikið ofmetin mynd sem að byrjar vel en verður þreytandi og leiðinleg. Allir karakterarnir eru líka ömurlegir og mjög illkvittinn. Í byrjuninni voru samt mjög mikið af fyndum grínum. Boðskapurinn um að jólaljós gera lífið betra er ömurlegur.,5,Negative
THE HOLIDAY,Mjög skemmtileg mynd sem að er aðeins of væmin samt. Báðar sögurnar eru mjög skemmtilegar líka. Það hefði mátt gera þessa mynd betur en það sem við höfum er líka bara fínt. Myndin er aðeins of löng og það er líka bara nóg að sjá þessa mynd einu sinni.,7,Positive
THE MAZE RUNNER,Of löng mynd sem að gerist ekkert í og hún myndi ekki virka án framhaldsmynda sem að er aldrei gott. Líka frekar ofmetin mynd sem að þarfnast mikilla fleiri útskýringa á hvað er í gangi. Brellurnar eru samt góðar og myndin er afþreyjandi á köflum.,5,Negative
GAURAGANGUR,"Fyrir myndina ákvöðu þau að sleppa flest af áhugaverða efninu úr bókinni og einblína frekar á þessa vægast sagt leiðinlegu ástarsögu. Ormur er frekar óþolandi í myndinni en leikurinn hjá öðrum er mjög góður. Myndin er samt bara príðileg, fín skemmtun.",5,Negative
DATE MOVIE,"Ekki jafn slæm og flestar Friedberg Seltzer myndir. Ég hló frekar mikið og margir karakterar voru fyndnir. Einnig var sagan og boðskapurinn ágætur, þrátt fyrir að vera stolinn úr myndinum sem var verið að gera grín af. Alls ekkert meistaraverk samt.",6,Positive
HOME ALONE 2 - LOST IN NEW YORK,"Hugmyndin fyrir myndina er ekki það áhugaverð og skemmtileg en myndin er samt mjög fyndin. Kevin er ekki það skemmtilegur og ég hélt meira með þjófunum í þessari, því að hann reyndi að myrða þá. Dúfakonan var skrýtin karakter líka.",7,Positive
NATIONAL LAMPOON'S CHRISTMAS VACATION,"Ekki bara besta jólamyndin heldur líka ein besta mynd allra tíma. Chevy Chase er frábær í öllu en þarna er hann á toppnum á ferlinum. Myndin er fullkominn og ég vildi að hún hefði verið lengri, að við hefðum fengið meira.",10,Positive
HOME ALONE,Klassík mynd sem að ég þarf að sjá á hverjum einustu jólum. Mér finnst samt myndin vera of löng og það hefði verið skemmtilegra að sjá meira af gildrunum. Leikurinn í myndinni er stundum góður og stundum ekki en leikstjórnin og handritið eru frábær.,8,Positive
THE PINK PANTHER 2,"Aðal vandamálið er að sagan er ekki það áhugaverð og myndin er ekki nógu fyndin. Karakterarnir frá öðrum löndum eru leiðinlegir og taka burtu tíma fyrir Clouseau senur. Það eru nokkrar mjög fyndnar senur, en of fáar. Tomlin var frábær karakter.",6,Positive
SCARY MOVIE 5,Skil ekki alveg hvernig þetta er Scary Movie 5 því sem að engin af upprunalegu karakterunum eru í myndinni. Sagan er smá áhugaverð og myndin er fín á köflum en þetta er samt óþarfa og heimskuleg framhaldsmynd sem að er byggð á senum af frægu fólki.,5,Negative
THE NAKED GUN - FROM THE FILES OF POLICE SQUAD!,"Allar senurnar í myndinni voru fullkomnar á sinn hátt og það var ekkert grín sem að var ekki fyndið og leikurinn er góður. Hafnarboltasenan var aðeins of löng en þetta er ein besta mynd allra tíma, fullkominn mynd.",10,Positive
VEGAS VACATION,"Aðal gallinn við myndina er að fjölskyldan er eiginlega ekkert saman í henni og staðsetningin er ómerkileg og sögurnar um krakkana eru leiðinlegar. Fyrsti hálftíminn er samt góður. Myndin er fyndin, en handritið er ekki gott og myndin er sorgleg.",5,Negative
CHAPLIN,Það hefði verið betra að sýna meira frá kvikmyndaferli hans því að efnið í myndinni er landregið og leiðinlegt. Það var verið að velja leiðinlega parta af lífi hans. Þau hefðu átt að sýna þegar hljóðið kom. Myndin fær fimm stjörnur fyrir frábæran leik.,5,Negative
"PLANES, TRAINS AND AUTOMOBILES","Án efa ein mynd besta mynd allra tíma, frá frábæru grínunum, leiknum, samskiptunum karakterana og frábæra tóninum. Myndin er kannski smá endurtekin en það er það eina vonda sem ég hef að segja. Ætla að horfa á hana 30 sinnum á ári.",9,Positive
SUMARLJÓS OG SVO KEMUR NÓTTIN,"Aðalvandamálið við myndina er að það eru of mikið af karakterum og sumir þeirra eru mjög ómerkilegir þó að sumir voru ágætir. En sumir karakterar tengjast ekkert. Myndin er líka of löng og hefði mátt sytta hana, en hún er skemmtileg.",7,Positive
SEXTUPLETS,Sniðug hugmynd sem að hefur skemmtilega karaktera. Það hefði verið skemmtilegra ef að öll systkynin væru saman í fleiri senum. Það er ekki það mikið af fyndnum grínum en myndin er samt fínasta skemmtun. Leikurinn er líka mjög góður en Wayans er frábær.,7,Positive
WEDDING CRASHERS,Það hefði verið betra að láta alla myndina gerast í brúðkaupinu því að sumbarbústaðaferðin er ofnotuð hugmynd. Þetta er samt góð mynd með góða grunnsögu og er fyllt af góðum grínum og er myndin költ klassík. Hefði samt viljað sjá meira af Chazz.,8,Positive
WHITE CHICKS,Frekar ofmetinn mynd sem að hefur samt sín augnablik. Endaútspilið og lokasenan eru til dæmis mjög góð. Myndin er samt alltof löng og ekki nógu skýr. Helmingur grínana voru ófyndin en hinn helmingurinn var góður. Ég væri samt til í að sjá framhald.,6,Positive
STAN HELSING,Fyrri hlutinn er skemmtilegur og fyndin en myndin verður leiðinleg í seinnihlutanum. Myndin hefur samt fyndna karaktera sem að bjarga flestu. Þetta hefði frekar átt að vera stuttur sjónvarpsþáttur og þau hefðu átt að fara í hrekkjavökupartíið frekar.,6,Positive
WONDER,"Aðeins of löng mynd en boðskapurinn og sagan gera upp fyrir það. Leikurinn í myndinni er líka mjög góður, sérstaklega hjá  Wilson, Patinkin og Tremblay.  Krakkarnir í myndinni hefðu átt að vera aðeins eldri held ég og myndin er ekki nógu afþreyingjandi.",6,Positive
MEET THE SPARTANS,"Eitt af verstu myndum sem að ég hef séð. Það var reynt að gera eitthvað nýtt, en ég var samt að drepast úr leiðindum. Það voru svo margar heimskulegar senur og grín, og ég hélt að myndin ætlaði aldrei að enda. Lokatónlistaratriðið var samt gott.",2,Negative
EPIC MOVIE,Byrjar ágætlega en ég missti áhugann þegar þetta varð að Narniu paródíu. Ekki mikið af fyndnum grínum en myndin er samt smá áhugaverð á köflum. Mikið af atriðum voru ógeðsleg og mér leið eins og þessi mynd væri miklu lengri en hún var í raun og veru.,4,Negative
ÞRESTIR,"Áhugaverð og góð mynd sem að er samt langdregin á köflum. Myndin tekur fyrir alvarleg málefni og gerir myndin það á góðan hátt. Leikurinn er einnig til fyrirmyndar en handritið er of langt, en það voru senur inn á milli sem að voru óþarfi og endurteknar.",7,Positive
MR. BEAN'S HOLIDAY,Ágætis skemmtun og nokkuð fyndin mynd sem að byrjar vel í París en verður langdregin þegar hann kynnist Sabine. Krakkinn var óþolandi og var myndin best þegar Bean var einn síns liðs. Lokatónlistaratriðið var hallærislegt og bætti engu við. ,7,Positive
LET'S BE COPS,Mjög vanmetin og fyndin mynd sem að allir verða að sjá. Hefði verið betra að sjá allskonar verkefni í stað þess að hafa eitt stórt og leiðinlegt verkefni. Mjög góður leikur og mjög gott handrit og hugmynd. Þetta hefði átt að vera gerður þríleikur.,9,Positive
SEX TAPE,Mjög fyndin mynd sem að byrjar mjög vel og er pælingin góð. Myndin hefði samt ekki átt að dvelja jafn lengi heima hjá Hank. Svolítið mikið af leiðinlegum aukarakterum en allir leikarar í myndinni eru frábærir. Söguþráðurinn með Howard var samt óþarfi.,7,Positive
CADDYSHACK,"Mjög klassísk mynd með frábærum senum. Myndin eldist því miður ekki sem best en frábær leikur og handrit gera upp fyrir það. Frábær grínatriði eru inn á milli, en ekki jafn góð og í minningunni. Samt mjög gaman að horfa á hana og tónlistin er frábær.",8,Positive
ÉG MAN ÞIG,Myndin byrjar mjög vel og fær hárin til að rísa en verður frekar leiðinleg í endann og ruglandi. Fyrrihluti myndarinnar er allavega mjög góður og spennandi. Væri með betri íslenskum myndum ef að ekki væri fyrir seinnihlutann en engu að síður góð mynd.,8,Positive
HALF BROTHERS,Ég skil ekki alveg hvort að höfundar vildu gera drama eða grínmynd því að það er skipt allt of oft á milli. Samt mjög spennandi og einnig skemmtileg mynd með góða grunnpælingu og sögu. Grínefnið var ófrumlegt og bætti engu við en mjög vanmetin mynd.,7,Positive
LIFE OF PI,Myndin hefði átt að byrja á bátnum og enda á bátnum að mínu mati því að byrjuninn og endirinn á myndin voru óþarfi og leiðinleg. Kannski smá endurtekin á köflum en samt góð mynd fyrir hvað hún er. Góðar brellur og kvikmyndataka en myndin er of löng.,6,Positive
SVAR VIÐ BRÉFI HELGU,"Aðeins of löng mynd en er samt frekar skemmtileg. Byrjar frekar hægt en verður síðan mjög góð. Myndin hefur líka góðan boðskap, leik og sögu. Síðasti korterinn var óþarfi og bætti ekki miklu við söguna en það þurfti að halda því útaf bókinni.",7,Positive
THE NIGHTMARE BEFORE CHRISTMAS,Klassísk mynd sem að er teiknuð mjög vel. Lengdin er líka frábær og kemur myndin sér beint að efninu. Mjög góð tónlist líka en það vantar eitthvað við myndina. Alls ekki besta mynd í heimi en þetta hefði átt að vera kvikmyndasería.,7,Positive
HUBIE HALLOWEEN,Skemmtileg og fyndin mynd sem að hefur í alvörunni ágætan boðskap og sögu. Myndin byrjar mjög vel en þegar allir eru að spá í hver myrti þessar manneskjur er myndin orðin þreytandi. Góður leikur í myndinni en karakter Sandlers er mjög þreytandi.,7,Positive
THE CURSE OF BRIDGE HALLOW,"Ekki nógu merkileg hugmynd til að gera kvikmynd upp því að það er frekar leiðinlegt að horfa á hana. Ágætis leikur samt og góðar tæknibrellur og myndin er smá áhugaverð á köflum. En samt ófrumleg hugmynd, en myndin sjálf er ekki alslæm.",5,Negative
THE PERKS OF BEING A WALLFLOWER,Nokkuð vel gerð mynd sem að er frekar afþreyjandi. Mér fannst seinni hluti myndarinnar frekar teygður og var myndin alltof löng. Einnig frekar ruglingsleg mynd og er hún ekki nógu skilningsleg. Samt frábært handrit og góður leikur.,7,Positive
A FEW BEST MEN,Myndin er alltof löng og endurtekin og hefði átt að vera búinn eftir athöfnina. Pælingin er fyndin og líka mörg grín og myndin hefði getað verið mjög góð en gallarnir eru of margir. Á endanum verður myndin því gleymanleg en samt frekar skemmtileg.,6,Positive
RATATOUILLE,Sem lítill aðdáandi teiknimynda þá er þessi örugglega mín uppáhalds. Þrátt fyrir að vera mjög steríótýpísk þá er myndin samt með mjög góða sögu og er vel teiknuð fyrir sinn tíma. Einnig frekar fyndin miðað við aðrar teiknimyndir en hefur sína galla.,7,Positive
THE GRAND BUDAPEST HOTEL,"Vel leikstýrð og leikin mynd með áhugaverða sögu en er of löng. Það er frekar erfitt að koma sér inn í söguþráðinn og er myndin einnig ruglandi. Hún er samt mjög vel gerð, en ekki er mikið verið að spá í hvort að áhorfandinn skemmti sér.",7,Positive
NAKED (2017),"Sniðug hugmynd en verður þreytandi á endanum. Ég skil ekki hvernig þau náðu að gera heila kvikmynd úr þessu, vegna þess að margar senur í myndinni eru mjög leiðingar. Myndin hefði verið betri sem stuttmynd. Nokkuð afþreyjandi og fyndin á köflum samt.",6,Positive
THAT THING YOU DO,Það hefði verið betra ef að myndin hefði fjallað meira um hljómsveitina í gegnum tíðinda því að þetta lag verður á endanum þreytandi. Scott var frábær í aðalhlutverkinu og myndin er leikstýrð og skrifuð mjög vel. Allt í allt er þetta góð mynd.,7,Positive
THE GOONIES,"Skil ekki hvernig fólki finnst þessi mynd góð því að hún er alltof löng, mjög leiðinleg, uppfyllt af fitufordómum og eldist mjög illa. Leikurinn er líka vondur í myndinni ásamt hræðilegri lýsingu. Alls ekkert versta mynd í heimi en mjög mjög ofmetinn.",3,Negative
THE HUNGOVER GAMES,Manni líður ekki eins að þetta sé skopstæling á þessum myndum heldur frekar framhald af myndunum. Mjög heimskuleg hugmynd en samt nokkuð afþreyingjandi mynd með nokkuð skemmtilegum endi. Alls ekki alslæm en vond miðað við aðrar spoof myndir.,4,Negative
THE SECRET LIFE OF WALTER MITTY,"Mynd sem að byrjar mjög vel og endar líka fullkomnalega, en efnið í miðjunni er ekki mjög gott því að lopinn er aðeins of teygður. En þegar á botninn er hvolft er samt frábær boðskapur og leikur í alla staði og gaman að sjá Ísland.",7,Positive
DATE NIGHT,Mjög vanmetin mynd sem á fá athygli. Sambandið á milli Carrel og Fey er frábært ásamt skemmtilegum söguþráð og einnig mjög falleg mynd. Einnig bráðfyndin og er senan með leigubílnum með fyndnari í kvikmyndasögunni. Verður samt smá þreytandi í endanum.,8,Positive
LITTLE MAN,"Ég veit ekki alveg hvað skal segja, en miðað við hvað myndin er þá er hún fín. Heimskuleg hugmynd en myndin tekst samt að vera mjög fyndin. Ekki nógu merkileg saga því að höfundum fannst hugmyndin fyndin en voru ekkert að pæla í hvað ætti að gerast.",6,Positive
THERE'S SOMETHING ABOUT MARY,Mér líkaði við byrjunina en myndin verður síðan frekar ruglandi. Það vantaði líka fleiri grín en myndin er samt mjög sniðug. Mér fannst samt sagan um Pat vera merkilegri en sagan um Ted. Ekki jafn góð og fólk segir en samt fín mynd.,7,Positive
COFFEE & KAREEM,Frekar góð sem spennumynd en ekki alveg sem grínmynd. Góð hugmynd sem að er framkvæmd skringilega og óþægilega. Spennusenurnar eru langbestar og ég vildi að myndin yrði bara spennumynd. Sambandið á milli Helms og Gardenhigh er reyndar frábært.,6,Positive
BEAN,"Það besta við myndina er að hún er ekki langdregin, sagan er hröð og ekkert óþarfa gerist. Peter MacNicol er frábær og samskipti hans við Bean er það besta við myndina. Þrátt fyrir allt vantar samt eitthvað, en að öðru leyti mjög fyndin og skemmtileg mynd.",7,Positive
ZOOLANDER 2,"Óþarfa framhaldsmynd sem að enginn bað um. Ekki hörmuleg mynd en samt frekar leiðinleg, heimskuleg og hallærisleg að mestu leyti. Myndin byrjaði reyndar vel og endar líka skemmtilega. En í miðjunni eru leiðinlegar senur sem að eldast sérstaklega illa.",4,Negative
TALLADEGA NIGHTS,"Vanmetin og fyndin Will Ferrell mynd sem allir ættu að sjá. Húmorinn og sagan er bráðfyndin. Mun horfa á þessa mynd oftar um ævina. Leiðinlegt að hún hefur ekki fengið jafn mikla athygli og hinar myndirnar hans, ég mæli eindreigið með þessari.",8,Positive
THE CLAPPER,Besta við myndina er spennan og ástarsagan milli Helms og Seyfried. En myndin fjallar mest um leiðinlegan spjallþátt og leikurinn og handritið eru ekki sem best. Myndin er heldur ekki alveg útpæld. Mjög góð og vond mynd á sama tíma og er alveg sexa.,6,Positive
ME TIME,"Höfundarnir höfðu ekki heildarhugmynd fyrir myndina heldur þrjár hugmyndir samaneiðar í eina. Ég vildi að öll myndin fjallaði um afmælisveisluna en svo er ekki. Nokkuð fyndin og skemmtileg mynd, samt mjög gleymanleg. Fær sjö af tíu fyrir góða afþreyingu.",7,Positive
ABOUT A BOY,Vanmetin og skemmtileg mynd sem að hlaut of litla athygli. Sambandið milli á Grant og Hoult er  fallegt og virkar vel. Sumar ákvarðanir hefðu getað verið gerðar öðruvísi og er því myndin ekki fullkominn. En hún skilur ákveðin atriði um lífið mjög vel.,7,Positive
ZOOLANDER,"Myndin var með of flókinn söguþráð og  ekki alveg fullmótuð mynd heldur bara nokkrar fyndnar senur og síðan er gerð mynd úr þeim. Mikið að óþarfa senum og of stutt mynd. Fær samt sex stjörnur fyrir góðan leik, fyndin atvik og fyrir að vera góð skemmtun.",6,Positive
THE STARVING GAMES,"Ekki jafn vond og allir segja að hún sé en samt hræðileg á sama tíma. Mér fannst myndin vera nokkuð fyndin og skemmtileg, en ég þurfti að lækka einkunnina vegna þess að margar aðrar vondar myndir eru skárri. Ekki góð mynd en ágætis afþreying.",3,Negative
TOMMY BOY,Myndin byrjar frekar leiðinlega en verður skemmtileg þegar fókusinn er tekinn á vegferðina. Ekta mynd sem að er ekki jafn góð og í minningunni og gleymir hlutverki sínu sem gamanmynd og festist í viðskiptaheiminum. Það er samt hægt að hlægja eitthvað.,6,Positive
WE'RE THE MILLERS,Mjög fyndin og skemmtileg mynd sem hefði átt að vera þríleikur. Manni þykir á endanum vænt um karakterana og þeir eru eins og alvörunni persónur. Sudeikis var bestur af leikurunum. Þó að myndin hafi kannski verið of svört var hún samt frábær.,8,Positive
THE WHOLE NINE YARDS,"Hélt að myndin yrði smá öðruvísi en samt er hún nokkuð góð. Góðir leikarar og ágætis skemmtun en of flókinn. Það er erfitt að skilja söguna vel og er myndin smá vonbrigði. Góð hugmynd sem var framkvæmd á rangan máta, það eru til betri myndir.",6,Positive
VACATION (2015),"Betri en ég átti von á, ekki jafn góð og fyrsta útaf óþarfa efni eins og ástarmál James, fortíð Debbies og hvað Kevin er leiðinlegur en samt afþreyjandi, fyndin og nostalgísk mynd. Helms var fínn sem Rusty en Chase og D'Angelo þurftu meiri fókus.",7,Positive
NATIONAL LAMPOON'S EUROPEAN VACATION,Eina góða við myndina eru þónokkrar mjög fyndnar senur en það bjargar samt ekki myndinni. Líka alltof svartur tónn og húmor til að vera Vacation mynd. Krakkarnir eru leiðinlegir í þessari og vonbrigði útaf hvað fyrsta var góð.,5,Negative
NATIONAL LAMPOON'S VACATION,"Ekki jafn góð og í minningunni, samt mjög góð mynd með einfalda sögu og óteljandi góð grín. Leikarar stóðu sig mjög vel en myndin hefði getað staldrað lengur við á áfangastöðunum því myndin er aðeins of hröð. Algjör költ klassík samt.",8,Positive
CEDAR RAPIDS,"Nokkuð vanmetin mynd sem að hefur ekki hlotið nógu mikla athygli. En myndin er fyndin, skemmtileg og afþreyjandi. Samt nokkuð leiðinleg á köflum og frekar ófrumleg hugmynd með smá óáhugaverðan söguþráð, ná grínin að bjarga myndinni ásamt leikurunum.",7,Positive
ÞROT,Því miður hefur myndin ekki nógu mikinn efnivið til að vinna með og söguþráðurinn er of ómerkilegur. Myndin er einnig ruglandi og erfitt að átta sig á tengslum karaktera. Bjarni Snæbjörnsson stóð sig best af leikurunum. Alls ekki alslæm mynd en gleymanleg.,4,Negative
MEET THE PARENTS,Hugmyndin fyrir myndina er góð þó að ég hún sé svipuð myndinni Bachelor Party. Sambandið á milli Stillers og DeNiro bjargar myndinni og gerir hana að mjög fyndinni mynd. Sumt var svolítið ofnotað úr öðrum myndum en höfundar er að gera sitt besta.,8,Positive
THE MAN FROM TORONTO,"Afþreyingjandi, skemmtileg og falleg mynd um vináttu sem að hefur sína galla. Myndin var of löng og langdregin og það voru of fá grín, grínin voru reyndar mjög fyndin. Myndin er líka frekar ruglingsleg en Hart bjargar myndinni að mestu leyti.",7,Positive
ELVIS,Ég er ekki mikill aðdándi Elvisar en þessi mynd er mjög góð. Butler nær honum mjög vel og er leikurinn hjá öllum það besta við myndina sem heldur manni límdum við tjaldið og gefur frábæra innsýn inn í líf hans og tilfinningar. Með betri myndum síðari ára.,8,Positive
HOT SHOTS! PART DEUX,Nokkuð góð mynd sem að vantar samt einhver grín í. Myndin hafði sín augnablik en er frekar langdregin. Ekki jafn góð og fyrsta en samt fínasta skemmtun. Forsetinn var besti karakterinn. Myndin þurfti samt ekki að vera framhald af Hot Shots.,7,Positive
DINNER FOR SCHMUCKS,"Mjög vanmetin og góð mynd sem að hefur fengið óskiljanlegt hatur. Carell stendur sig frábærlega sem fíflið Barry. Myndin er líka góð mynd fyrir að sýna fallega vináttu. En húmorinn er langbestur því myndin er mjög fyndin, með betri grínmyndum.",8,Positive
STELLA Í ORLOFI,Frábær költ mynd sem að heldur athygli áhorfandans. Myndin virkar svo vel vegna þess að flestir þekkja vel týpuna sem að Stella er. Mjög afþreyingjandi og fyndin mynd og leikararnir og karakterarnir eru ógleymanlegir þrátt fyrir örfá ófyndin grín.,8,Positive
MEÐ ALLT Á HREINU,"Það er ósköp fátt sem ekki hefur verið sagt um myndina áður en annars þá er hún frábær költ klassík. Tónlistin, húmorinn og fáránlegi söguþráðurinn fer á kostum. Orðin smá þreyttur á henni eftir að hafa horft oft en get ekki kallað hana ofmetna.",9,Positive
HOT SHOTS,"Mjög góð mynd sem að er samt ekki jafn góð og í minnunginni, mikið að senum í Top Gun voru sleppt í myndinni sem hefðu samt passað vel inn í þessa. Það vantaði líka fleiri grín þó að grínin í myndinni voru mjög fyndin. Sheen stóð sig vel eins og alltaf.",7,Positive
MR. & MRS. SMITH,"Góð hugmynd að mynd en ég held að höfundarnir hefðu getað gert mikið meira með hugmyndina, annars nokkuð afþreyingjandi og flott mynd sem vantar samt einhvern tón í, annars góðir leikarar. Myndin er líka of löng og hefði mátt sytta hana verulega.",7,Positive
SCARY MOVIE 2,"Alveg öfugt við það sem að gerði upprunalegu svona góða þá er þessi mynd fáránleg og leiðinleg í langflesta staði, það er hægt að hlæja eitthvað af henni og fær fjórar stjörnur fyrir það, draugahúsið er líka ekki nógu góð staðsetning fyrir myndina.",4,Negative
TOP GUN - MAVERICK,"Aðeins betri en upprunalega fyrir það Maverick sjálfur er þroskaðari í þessari og að þyrlu og spennusenurnar eru skemmtilegari, þrátt fyrir að þetta sé framahldsmynd er myndin mjög góð, alls ekki fullkominn samt útaf ófrumlegum ástarsöguþráð.",8,Positive
TOP GUN,Klassísk og góð mynd sem að er samt ekki jafn góð og í minningunni. Það vantaði einhverja meiri sögu í þyrluatriðin og meiri spennu og dramatík. Samt er myndin klassísk mynd en ég verð að segja dálítið ofmetinn þrátt fyrir góðan leik og frábæra tónlist.,7,Positive
UNDIR HALASTJÖRNU,"Ágætis mynd sem er alls ekki fullkominn, hugmyndin er góð en hún er ekki framkvæmd nógu vel, myndin hefði getað fangað augnablikin betur en gert var. Það var gott hvernig hún sýndi líka atburði úr fortíðinni en það vantaði einhvern tón á hana.",6,Positive
BERNIE,Ágætis afþreying en samt er þessi mynd ekkert mjög góð. Hún er of skrípaleg til þess að vera byggð á alvöru morði og höfundarnir hafa ekki mikið að gera og fylla því myndina með óþarfa viðtölum. Myndin er heldur ekki mjög fyndin en samt allt í lagi mynd.,5,Negative
I-SPY,"Mjög gleymanleg og frekar leiðinleg mynd sem ég átti ekki von á, samt góðir leikarar. Helmingur myndarinnar voru langdregnar spennusenur og leiðinleg atriði um box. Myndin var smá fyndin en samt mikil vonbrigði. Það vantar mestalla sögu og karaktersköpun. ",4,Negative
CHEAPER BY THE DOZEN 2,"Fínasta skemmtun sem að er næstum jafn góð og fyrsta myndin. Hugmyndin, sagan og grínin voru góð, en það vantaði aukasögu eins og var í fyrstu. Hin fjölskyldan var góð viðbót við myndina sem að er mjög skemmtileg þrátt fyrir örfáa galla.",7,Positive
HOLES,Frekar góð mynd sem að er nokkuð nákvæm bókinni og nær andanum í henni nokkuð vel. Barnaleikararnir voru ekki mjög góðir en Jon Voight var frábær í hlutverki Mr. Sir. Mér finnst gríntóninn góður í myndinni og myndin var hröð og ekki að teygja lopann mikið.,7,Positive
BERDREYMI,Án efa ein besta íslenska kvikmyndin sem lendir í topp fimm. Þetta er költ mynd sem að mun sitja í mér lengi. Sagan er rosaleg og ég sé ekki oft svona rosalega góðan leik. Myndin er löng en ég vildi samt meira. Mjög erfitt er að lýsa gæðunum með orðum.,10,Positive
SVEITABRÚÐKAUP,"Fyndin gamanmynd sem að er eiginlega orðin költ klassík. Hugmyndin er mjög fyndin og  leikararnir eru góðir. Myndin hefur samt galla, hún of löng og hefði mátt gera aðstæðurnar ennþá fyndnari en samt frábær vanmetin gamanmynd sem allir ættu að sjá.",8,Positive
ROBIN HOOD - MEN IN THIGHTS,Ekki besta mynd Brooks útaf fjölda hallærislegra grína en samt skemmtileg og fyndin mynd. Hún er samt of löng og hefði getað grínast meira með upprunalegu söguna í stað þess að nánast endursegja hana. Það vantar einhvern kraft í hana.,7,Positive
WRONGFULLY ACCUSED,Frekar misheppnuð tilraun til þess að gera góða grínmynd. Ég held að höfundurinn var með nokkur grín í huga og gerði síðan heila mynd úr þeim. Ég hló alveg eitthvað og myndin er ágætis skemmtun en samt ákveðin vonbrigði miðað við aðstandendur.,6,Positive
AMERICAN WEDDING,"Hugmyndin er í sjálfri sér góð en hún er gerð mjög skringilega. Fókusinn er núna tekin á Stiffler sem var aukapersóna í fyrstu myndinni, en hann er ekki nógu sterkur karakter til að leiða kvikmyndina. Húmorinn er ágætur en er samt mjög þreyttur.",6,Positive
THE LOST CITY,Eins og flestar nútímamyndir þá vantaði mikið af grínum og húmor. Myndin tókst samt að vera nokkuð afþreyingjandi og var hægt að hlæja nokkrum sinnum. En hún er alls ekkert sérstök en samt skemmtileg. Romancing the Stones er auðvitað samt betri.,7,Positive
MR. MAGOO,Þessi mynd er frábær. Ég líka hélt að hún mundi vera barnalegri. Ég veit samt að myndin eldist ekki mjög vel en hún hefur góðan spoof húmor og Nielsen er frábær. Það var líka mikið af fullorðnisgrínum og handritið gott. Það hefði átt að vera framhald.,8,Positive
DÍS,Nokkuð afþreyingjandi og fyndin mynd sem að er samt ekki fullkominn. Það voru margar fyndnar týpur og ég held að myndin fangi réttan anda. Hún er samt gleymanleg og ég get skilið hvers vegna myndin hefur gleymst í seinni tíð. Karakter Árna Trggva var frábær.,7,Positive
SKJÁLFTI,"Þessi mynd er nokkuð góð en alls ekki gallalaus, myndin er alltof hæg og líða margar senur þar sem lítið gerist. Ágætis skemmtun samt með alveg nokkrum grínum og líka dramatískum atriðum. Myndin er langt frá því samt að vera algjört meistaraverk en fín.",7,Positive
AMERICAN PIE 2,Hugmyndin af myndinni hljómar betur en fyrsta myndin en þessi mynd er einungis að endurnota frasana sem að virkuðu í fyrstu myndinni í bland við frekar leiðinlegan og þreytandi söguþráð. Samt ágætur húmor og sumt í sögunni sem mér líkaði við.,6,Positive
THE LAST LAUGH,"Hugmyndin að myndinni er góð en það er eins og að myndin hafi verið gerð of seint. Fínn húmor og leikurinn er það besta við myndina en það vantar eitthvað, ekki viss um hvað vantar en myndin hefur ekki þennan tón sem einkennist af myndum Chase.",6,Positive
SCARY MOVIE 4,"Talsvert betri en þriðja myndin. Myndin nær að vera fyndin, skemmtileg og afþreyingjandi og nær þeim skilyrðum sem að góð spoof mynd þarf að ná. Nýja aðalpersónan er frábær, sömuleiðis frábær grín og söguþráður. Ein af fyndnustu myndum síðari tíma.",8,Positive
FLETCH,"Ein besta kvikmynd sem ég hef séð. Húmorinn, tónlistin, spennan og stjórnunin eru til fyrirmyndar og nær myndin að vera allt sem góð kvikmynd þarf að vera. Þessi mynd er betri útgáfa af BHC myndunum. Karakterarnir og sagan um ævintýri Fletch eru frábær.",9,Positive
SPY HARD,"Ekki eins vond og flestir segja að hún sé,  myndin er ágæt en ekkert í gæðum við Naked Gun. Nielsen bjargar myndinni ásamt nokkrum fyndnum grínum. Höfundarnir höfðu eiginlega ekki nógu miklar hugmyndir fyrir heila mynd. Samt góð afþreying og fyndin mynd.",7,Positive
MÝRIN,Hröð og áhugaverð mynd sem að er líka afþreyingjandi. Rannsóknin er spennandi og áhorfandinn heldur athygli. Það hefði samt mátt framkvæma mörg atriði betur en flest atriðinna eru fín. Stundum hefði samt vantað frekari útskýringar en að öðru leyti góð mynd.,8,Positive
CHEAPER BY THE DOZEN (2003),Afþreyingjandi og fín mynd sem hefur samt sína galla. Hún er aðeins og barnaleg og hefði átt að hafa betri húmor og sögu. Það vantaði líka mörg hlátursskastatriði eins eru í myndum Martins. Hugmyndin er góð en ekki framkvæmd nógu vel.,7,Positive
AMERICAN PIE,Skemmtileg og fyndin mynd sem er samt frekar ofmetin. Pabbi Jims var besta persónan og gerði myndina betri. Hugmyndin er góð en myndin er of löng og inniheldur of mikið af óþarfa senum. Það voru samt margar góðar senur og myndin er líka vel frakvæmd.,7,Positive
NATIONAL SECURITY,Nokkuð góð og fyndin kvikmynd með gott sögusvið og fyndin aðalkarakter. Myndin eldist samt kannski ekki sem best en er góð fyrir sinn tíma. Ég fann fyrir dálitlum spoof húmor í henni. Lokasenan í myndinni var eins og sena úr gæðaspennumynd.,7,Positive
SCARY MOVIE 3,Frekar gleymanleg mynd með nokkuð lélega sögu og ekki nógu mörg fyndin grín. Það voru samt mörg góð grín og gott að fá reynda leikara í myndina eins og Nielsen og Sheen. Það vantar hláturskastatriði þó að grínið með strákinn og bílinn var frábært.,6,Positive
THE WEEK OF,Hugmyndin er ekki nógu merkileg til þess  að gera heila kvikmynd um. Það voru nokkur fyndin grín og allt vesenið á hótelinu var gott en annars er sagan ekki mjög góð. Ég hef séð margar aðrar myndir sem eru mjög svipaðar. Gleymanlegasta mynd Sandlers.,6,Positive
THE DICTATOR,"Fyndin og pólitísk kvikmynd sem að hægt er að hafa gaman af. Svarti húmorinn er góður og svo sem hugmyndin. Myndin er samt ekkert meistaraverk og er hún svolítið ofmetin, en samt frekar fín og fyndin mynd. Hún hefur samt góða aukasögu um Aladeen.",7,Positive
THE SHAWSHANK REDEMPTION,"Þessi mynd er án efa besta kvikmynd allra tíma. Atriðin eru svo vel framkvæmd, leikurinn er stórkostlegur, handrit og leikstjórn upp á tíu. Myndin er svo mjög falleg. Senan með Brooks í borginni er held ég, besta sena í kvikmyndasögunni.",10,Positive
THE TERMINAL,"Þessi kvikmynd er í raun mjög góð. Falleg og tilfinngarík saga sem er nógu góð til þess að horfa á oft um ævina. Hún hefur líka fínan húmor. Myndin er samt of löng, hún mætti alveg vera mikið styttri. Hanks túlkar Viktor alveg frábærlega vel samt.",8,Positive
YESTERDAY,Hugmyndin er sniðug en sum atriði hefðu getað verið framkvæmd öðruvísi. Myndin er samt mjög fyndin og einlæg. Hefði viljað meiri húmor en þessi mynd er kannski ekki vettvangur fyrir það. Samt ekki nógu merkileg til þess að horfa oft á en skemmtileg.,6,Positive
NAKED GUN 33⅓ - THE FINAL INSULT,Myndin er ákveðin vonbrigði. Sagan er frekar ómerkileg til þess að gera kvikmynd um og aðalfókusinn um barneignir er merki um þreytt framhald. Óskarsverðlaunasenan bjargaði myndinni og er sú sena ein fyndnasta í kvikmyndasögunni.,7,Positive
BACHELOR PARTY,"Mínar vonir um myndina voru kannski of bjartar, en myndin er aðeins of barnaleg og hefur ekki nógu fyndin húmor. Það voru samt margar fyndnar týpur. Samt sem áður nokkuð mikið af fyndnum grínum og frösum en myndin er of löng og eldist frekar illa.",7,Positive
THE PINK PANTHER (2006),"Alltof margir hata þessa fyndnu kvikmynd sem er ekkert verri en aðrar spæjaragrínmyndir. Martin er frábær sem Clouseau. Beitti húmorinn er æðislegur en myndin er ekki að reyna að vera fjölskylduvæn grínmynd, svarti húmorinn skín í gegn.",8,Positive
SUPERHERO MOVIE,"Síðasta góða spoof-myndin, myndin er fyndin paródía sem er samt ekki gallalaus. Húmorinn er bráðfyndin og skemmtilegur og einnig nokkuð áhugaverð saga. Albert er besti karakterinn í myndinni. Það næsta sem að kemst í líkindi við ZAZ myndirnar.",7,Positive
LITTLE FOCKERS,Þessi mynd er ekkert verri en hinar. Sagan um tvíbura Stillers var spennandi og fyndin. Var orðin þreyttur á karakter Wilsons sem var ofnotaður. Sagan um Andi var samt mjög óþarfi en lokaslagurinn bætti upp fyrir það. Góð leið til að enda seríuna.,7,Positive
SCARY MOVIE,"Mjög fyndin og góð mynd, samt eldast sum grínin ekki vel og sumt í húmornum er frekar barnalegt og hallærislegt. Höfundar eru ekkert að flækja húmorinn sem skýn samt alveg í gegn sem grín af hryllingsmyndum. Ótrúlegt en satt, góð unglingagrínmynd.",8,Positive
LOADED WEAPON 1,"Þessi mynd fékk alltof litla athygli. Þessi mynd er ein besta grínmynd allra tíma. Ég sem hef ekki einu sinni séð Lethal Weapon, finnst mér samt myndin óborganleg. Myndin kann að vera hröð, hún er stutt svo að allt kemst fyrir í hana á góðum tíma.",9,Positive
THE NAKED GUN 2½ - THE SMELL OF FEAR,"Rosalega vanmetin mynd sem er næstum því jafn góð og fyrsta myndin. Sögusviðið er spennandi og myndin er ein af sú myndum sem ég hef hlegið hvað mest af. Nielsen fyllir myndina af góðum húmor, góðum leik og væntumhyggju.",8,Positive
BELFAST," Langt frá því að vera fullkominn. Það er svolítið af óþarfa senum, þá hefði átt að bæta öðru efni í staðinn. Það að myndin gerist í svarthvítu er góður hlutur en þá tekur maður meiri mark á henni. Samt falleg stríðsmynd sem er þroskasaga lítins drengs.",7,Positive
"BIG MOMMAS - LIKE FATHER, LIKE SON",Eftir tvær frábærar myndir kom eitt versta framhald allra tíma. Mamman missir allan fókus og fer hann á leiðinlega ástarsögu Trents. Uppsetningin var leiðinleg og tímafrek. Ég hló samt nokkrum sinnum vegna fáránleika myndarinnar.,3,Negative
MEET THE FOCKERS,Sögusviðið í myndinni sem er á eyjunni er betra en í fyrstu myndinni. Hoffman og Streisand eru frábærlega fyndin í sínum hlutverkum. Það eru fyndnari grín í þessari og skemmtilegur aukasöguþráður. Þessi mynd er mjög vel heppnað framhald.,9,Positive
TED 2,"Alls ekki jafn vond og fólk segir. Samantha sem er bætt við er betri en Lori, þar sem Samantha og John hafa meira sameiginlegt. Það voru margar góðar senur eins og bókasafnssenan og þegar þau flýja í sveitina. Fyrsta myndin er samt betri, væri til í þriðju.",7,Positive
THE HANGOVER PART III,"Þessi mynd er í rauninni ekki Hangover mynd eins og þau lofuðu okkur, heldur bara spin-off mynd, vegna þess að það var ekkert “hangover” fyrr en eftir upplýsingalistan. Ágætis skemmtun en hugmyndabanki höfunda er alveg tæmdur í myndinni.",6,Positive
CROCODILE DUNDEE II,"Myndin hefur frábæra lokaspennusenu. Söguþráðurinn var góður, hvernig Dundee og Sue búa saman og þau þurfa svo að flýja. Það voru mörg atriði sem ég hélt að væru úr fyrstu myndinni en voru í þessari. Þessar tvær myndir eru næstum jafn góðar.",9,Positive
DON'T LOOK UP,"Þrátt fyrir nokkur hallærisleg augnablik þá er þessi mynd besta mynd 2021. Heimsendirinn í myndinni var fallegt augnablik. Þessi mynd inniheldur húmor, drama, tilfinningar og góðan leik. Myndin hefði getað verið styttri vegna nokkura óþarfa atriða.",9,Positive
BEVERLY HILLS COP II,"Myndin er alltof lík fyrstu, myndin er fyrsta myndin gerð aftur nema með fleiri óþarfa spennusenum. Sagan er alltof lík fyrstu myndinni og er þessi mjög gleymanleg. Óþarfa og leiðinlegt framhald en samt áhorfsvænt með nokkrum fyndnum grínum.",6,Positive
BIG MOMMA'S HOUSE 2,Þau eru að reyna að vera fjölskylduvænni í myndinni og það tekst. Þau reyna meira að segja að hafa spennusenur í sögunni og það tekst líka. Þessi mynd er fyndnari en sú fyrsta með skemmtilega fjölskyldu og hún gerist á fjölbreyttari stöðum.,9,Positive
TED,MacFarlane sannar að hann kann líka að gera gott leikið efni. Hugmyndin er góð og svarti húmorinn er geðveikur. Sumt í söguþræðinum var ómerkilegt og hefði samt mátt sleppa. Myndin hefur tilfinnalegt gildi og er einlæg. Alveg ein besta grínmynd seinni tíðar.,9,Positive
THE HANGOVER PART II,Það þurfti endilega að gera framhald sem var óþarfi. Manni leið eins og maður var að horfa á fyrstu myndina aftur nema í Bangkok. Samt fyndin og skemmtileg þó að margt vantaði upp á. Teddy sem á að vera venjulegi í myndinni er leiðinlegur. ,7,Positive
CROCODILE DUNDEE,Hogan skýn í gegn í þessari mynd sem sveitastrákur í stórborg. Ég held samt að söguþráðurinn hefði getað verið aðeins áhugaverðari en nostalgían bætir upp fyrir það. Karakter Hogans er það besta við myndina sem gerir hana að frábærri skemmtun.,8,Positive
BEVERLY HILLS COP,"Þessi mynd er spennandi, skemmtileg og örugglega ein besta gamanmynd áttunar. Þrátt fyrir sum barnaleg grín er myndin samt mjög fyndin. Leikurinn í myndinni, hugmyndin og sagan skína í gegn í henni. Hún er samt betri sem spennumynd en grínmynd.",8,Positive
BIG MOMMA'S HOUSE,"Ekkert atriði er í samhengi í þessari mynd en hún er samt alveg frábær. Söguþráðurinn var góður þó að hann sé ekki nýr, Mrs. Doubfire fékk fyrst hugmyndina. Ég hló allavega mikið af myndinni en það er örugglega vegna þess að hún er mikil steypa.",8,Positive
ALLRA SÍÐASTA VEIÐIFERÐIN,"Myndin toppar fyrstu myndina rækilega og er fjölbreyttari, fyndnari, steiktari og betur gerð. Karakterinn Ingvar er einn besti karakter Íslandsögunnar og er myndin eitt af bestu íslensku gamanmyndunum. Hún er fullkominn, ekkert vantar.",10,Positive
SÍÐASTA VEIÐIFERÐIN,"Afþreyingin vantar ekki í myndina og er hún skemmtileg og fyndin þó að það vanti mörg grín, fjármagn og kvikmyndatakan er oft ekki sú besta. Myndin var samt með of mikla eitraða karlmennsku en er samt ein besta íslenska gamanmynd seinni ára.",8,Positive
THE HANGOVER,"Léttilega fyndnasta gamanmynd allra tíma verð ég að segja. Spennan á milli karakterana, húmorinn og söguþráðurinn er mjög góður og heldur áhorfandinn við efnið léttilega. Held samt að Doug hefði átt að fá fleiri senur. Uppáhalds grínmyndin mín.",9,Positive
DOG,"Þessi mynd er titluð gamanmynd en er í rauninni dramamynd. Myndin hefur ekki að geyma nógu mörg grín, þó að það voru einhver. Mér líkaði við suma parta í myndinni en myndin var framkvæmd illa, en góð hugmynd samt. Myndin er samt frekar falleg.",7,Positive
